node,label,type,degree,degree_centrality,betweenness,closeness
VARIANT|MN908947.3,MN908947.3,Variant,0,0.0,0.0,0.0
VARIANT|MN985325,MN985325,Variant,0,0.0,0.0,0.0
VARIANT|MW301120,MW301120,Variant,0,0.0,0.0,0.0
VARIANT|MW301121,MW301121,Variant,0,0.0,0.0,0.0
VARIANT|MW301245,MW301245,Variant,0,0.0,0.0,0.0
VARIANT|MW301247,MW301247,Variant,0,0.0,0.0,0.0
VARIANT|MW420785,MW420785,Variant,0,0.0,0.0,0.0
VARIANT|MW633280,MW633280,Variant,0,0.0,0.0,0.0
VARIANT|MW729262,MW729262,Variant,0,0.0,0.0,0.0
VARIANT|MW729265,MW729265,Variant,0,0.0,0.0,0.0
VARIANT|MZ054073,MZ054073,Variant,0,0.0,0.0,0.0
VARIANT|MZ054074,MZ054074,Variant,0,0.0,0.0,0.0
VARIANT|MZ169910,MZ169910,Variant,0,0.0,0.0,0.0
VARIANT|MZ169911,MZ169911,Variant,0,0.0,0.0,0.0
VARIANT|MZ571142,MZ571142,Variant,0,0.0,0.0,0.0
VARIANT|NC_045512.2,NC_045512.2,Variant,0,0.0,0.0,0.0
VARIANT|OK091006,OK091006,Variant,0,0.0,0.0,0.0
VARIANT|OL965487,OL965487,Variant,0,0.0,0.0,0.0
VARIANT|OL965902,OL965902,Variant,0,0.0,0.0,0.0
VARIANT|OM287553,OM287553,Variant,0,0.0,0.0,0.0
VARIANT|ON123456,ON123456,Variant,0,0.0,0.0,0.0
VARIANT|ON456789,ON456789,Variant,0,0.0,0.0,0.0
VARIANT|ON982782,ON982782,Variant,0,0.0,0.0,0.0
VARIANT|OP012345,OP012345,Variant,0,0.0,0.0,0.0
VARIANT|OP293520,OP293520,Variant,0,0.0,0.0,0.0
VARIANT|OP684305,OP684305,Variant,0,0.0,0.0,0.0
VARIANT|OR782922,OR782922,Variant,0,0.0,0.0,0.0
VARIANT|OR789768,OR789768,Variant,0,0.0,0.0,0.0
VARIANT|OR958377,OR958377,Variant,0,0.0,0.0,0.0
VARIANT|OR998518,OR998518,Variant,0,0.0,0.0,0.0
VARIANT|PP485688,PP485688,Variant,0,0.0,0.0,0.0
VARIANT|PV361325,PV361325,Variant,0,0.0,0.0,0.0
VARIANT|SARS-CoV-2_Wuhan-Hu-1_2019,SARS-CoV-2_Wuhan-Hu-1_2019,Variant,0,0.0,0.0,0.0
MUTATION|E:T11A,E:T11A,Mutation,4,0.009237875288683603,8.018988965871183e-06,0.006928406466512702
MUTATION|E:T9I,E:T9I,Mutation,7,0.016166281755196306,2.405696689761355e-05,0.013856812933025405
MUTATION|M:A104V,M:A104V,Mutation,2,0.004618937644341801,1.0691985287828245e-06,0.0023094688221709007
MUTATION|M:A2V,M:A2V,Mutation,2,0.004618937644341801,5.345992643914122e-06,0.0023094688221709007
MUTATION|M:A63T,M:A63T,Mutation,7,0.016166281755196306,1.3543181364582441e-05,0.013856812933025405
MUTATION|M:D3G,M:D3G,Mutation,2,0.004618937644341801,1.781997547971374e-06,0.0023094688221709007
MUTATION|M:D3H,M:D3H,Mutation,2,0.004618937644341801,1.0691985287828245e-06,0.0023094688221709007
MUTATION|M:H125Y,M:H125Y,Mutation,2,0.004618937644341801,2.672996321957061e-06,0.0023094688221709007
MUTATION|M:I82S,M:I82S,Mutation,2,0.004618937644341801,5.345992643914122e-06,0.0023094688221709007
MUTATION|M:I82T,M:I82T,Mutation,4,0.009237875288683603,1.6037977931742366e-05,0.006928406466512702
MUTATION|M:K162N,M:K162N,Mutation,2,0.004618937644341801,2.672996321957061e-06,0.0023094688221709007
MUTATION|M:Q19E,M:Q19E,Mutation,7,0.016166281755196306,1.3543181364582441e-05,0.013856812933025405
MUTATION|M:T30A,M:T30A,Mutation,2,0.004618937644341801,1.0691985287828245e-06,0.0023094688221709007
MUTATION|N:D377Y,N:D377Y,Mutation,6,0.013856812933025403,8.197188720668319e-06,0.011547344110854504
MUTATION|N:D3L,N:D3L,Mutation,5,0.011547344110854504,5.345992643914122e-06,0.009237875288683603
MUTATION|N:D63G,N:D63G,Mutation,5,0.011547344110854504,5.524192398711259e-06,0.009237875288683603
MUTATION|N:E31-,N:E31-,Mutation,7,0.016166281755196306,4.614100793854451e-06,0.013856812933025405
MUTATION|N:G204P,N:G204P,Mutation,2,0.004618937644341801,1.781997547971374e-06,0.0023094688221709007
MUTATION|N:G204R,N:G204R,Mutation,15,0.03464203233256351,1.7979082403639754e-05,0.03233256351039261
MUTATION|N:G215C,N:G215C,Mutation,4,0.009237875288683603,3.742194850739885e-06,0.006928406466512702
MUTATION|N:K388I,N:K388I,Mutation,2,0.004618937644341801,1.781997547971374e-06,0.0023094688221709007
MUTATION|N:P13L,N:P13L,Mutation,7,0.016166281755196306,4.614100793854451e-06,0.013856812933025405
MUTATION|N:P80R,N:P80R,Mutation,3,0.0069284064665127015,3.563995095942748e-06,0.004618937644341801
MUTATION|N:Q229K,N:Q229K,Mutation,2,0.004618937644341801,6.682490804892653e-07,0.0023094688221709007
MUTATION|N:R203K,N:R203K,Mutation,16,0.03695150115473441,1.9761079951611127e-05,0.03464203233256351
MUTATION|N:R203M,N:R203M,Mutation,6,0.013856812933025403,8.197188720668319e-06,0.011547344110854504
MUTATION|N:R32-,N:R32-,Mutation,7,0.016166281755196306,4.614100793854451e-06,0.013856812933025405
MUTATION|N:S235F,N:S235F,Mutation,6,0.013856812933025403,7.127990191885496e-06,0.011547344110854504
MUTATION|N:S33-,N:S33-,Mutation,7,0.016166281755196306,4.614100793854451e-06,0.013856812933025405
MUTATION|N:S413R,N:S413R,Mutation,6,0.013856812933025403,3.7231020198687634e-06,0.011547344110854504
MUTATION|N:T362I,N:T362I,Mutation,2,0.004618937644341801,1.0691985287828245e-06,0.0023094688221709007
MUTATION|ORF1a:A1204V,ORF1a:A1204V,Mutation,2,0.004618937644341801,2.969995913285623e-07,0.0023094688221709007
MUTATION|ORF1a:A1306S,ORF1a:A1306S,Mutation,4,0.009237875288683603,1.9517116001591236e-06,0.006928406466512702
MUTATION|ORF1a:A1397V,ORF1a:A1397V,Mutation,2,0.004618937644341801,5.345992643914122e-07,0.0023094688221709007
MUTATION|ORF1a:A1708D,ORF1a:A1708D,Mutation,6,0.013856812933025403,3.7231020198687634e-06,0.011547344110854504
MUTATION|ORF1a:A211D,ORF1a:A211D,Mutation,2,0.004618937644341801,3.144701555243601e-07,0.0023094688221709007
MUTATION|ORF1a:A2554V,ORF1a:A2554V,Mutation,2,0.004618937644341801,5.939991826571246e-07,0.0023094688221709007
MUTATION|ORF1a:A2710T,ORF1a:A2710T,Mutation,3,0.0069284064665127015,8.490694199157723e-07,0.004618937644341801
MUTATION|ORF1a:A3143V,ORF1a:A3143V,Mutation,2,0.004618937644341801,2.969995913285623e-07,0.0023094688221709007
MUTATION|ORF1a:A3209V,ORF1a:A3209V,Mutation,2,0.004618937644341801,1.3364981609785305e-06,0.0023094688221709007
MUTATION|ORF1a:A3705V,ORF1a:A3705V,Mutation,2,0.004618937644341801,1.3364981609785305e-06,0.0023094688221709007
MUTATION|ORF1a:A4273S,ORF1a:A4273S,Mutation,2,0.004618937644341801,5.939991826571246e-07,0.0023094688221709007
MUTATION|ORF1a:A498V,ORF1a:A498V,Mutation,2,0.004618937644341801,7.637132348448745e-07,0.0023094688221709007
MUTATION|ORF1a:A690V,ORF1a:A690V,Mutation,2,0.004618937644341801,2.969995913285623e-07,0.0023094688221709007
MUTATION|ORF1a:E913D,ORF1a:E913D,Mutation,2,0.004618937644341801,6.682490804892653e-07,0.0023094688221709007
MUTATION|ORF1a:F190L,ORF1a:F190L,Mutation,2,0.004618937644341801,1.3364981609785305e-06,0.0023094688221709007
MUTATION|ORF1a:F3677-,ORF1a:F3677-,Mutation,12,0.027713625866050806,6.271626244191867e-06,0.025404157043879907
MUTATION|ORF1a:F3677L,ORF1a:F3677L,Mutation,2,0.004618937644341801,1.0691985287828245e-06,0.0023094688221709007
MUTATION|ORF1a:G1307S,ORF1a:G1307S,Mutation,5,0.011547344110854504,1.4793256955402799e-06,0.009237875288683603
MUTATION|ORF1a:G1819S,ORF1a:G1819S,Mutation,2,0.004618937644341801,2.969995913285623e-07,0.0023094688221709007
MUTATION|ORF1a:G3676-,ORF1a:G3676-,Mutation,13,0.03002309468822171,6.8062255085832795e-06,0.02771362586605081
MUTATION|ORF1a:H2125Y,ORF1a:H2125Y,Mutation,2,0.004618937644341801,5.939991826571246e-07,0.0023094688221709007
MUTATION|ORF1a:I2190V,ORF1a:I2190V,Mutation,2,0.004618937644341801,5.939991826571246e-07,0.0023094688221709007
MUTATION|ORF1a:I2230T,ORF1a:I2230T,Mutation,6,0.013856812933025403,3.7231020198687634e-06,0.011547344110854504
MUTATION|ORF1a:I3758V,ORF1a:I3758V,Mutation,2,0.004618937644341801,5.345992643914122e-07,0.0023094688221709007
MUTATION|ORF1a:I431M,ORF1a:I431M,Mutation,2,0.004618937644341801,3.8185661742243726e-07,0.0023094688221709007
MUTATION|ORF1a:K1407E,ORF1a:K1407E,Mutation,2,0.004618937644341801,5.939991826571246e-07,0.0023094688221709007
MUTATION|ORF1a:K1795Q,ORF1a:K1795Q,Mutation,3,0.0069284064665127015,2.851196076754198e-06,0.004618937644341801
MUTATION|ORF1a:K1855T,ORF1a:K1855T,Mutation,2,0.004618937644341801,5.345992643914122e-07,0.0023094688221709007
MUTATION|ORF1a:K1973R,ORF1a:K1973R,Mutation,2,0.004618937644341801,3.144701555243601e-07,0.0023094688221709007
MUTATION|ORF1a:K3162E,ORF1a:K3162E,Mutation,2,0.004618937644341801,5.345992643914122e-07,0.0023094688221709007
MUTATION|ORF1a:K47R,ORF1a:K47R,Mutation,4,0.009237875288683603,1.213455473142412e-06,0.006928406466512702
MUTATION|ORF1a:K714N,ORF1a:K714N,Mutation,2,0.004618937644341801,1.781997547971374e-06,0.0023094688221709007
MUTATION|ORF1a:K856R,ORF1a:K856R,Mutation,2,0.004618937644341801,5.345992643914122e-07,0.0023094688221709007
MUTATION|ORF1a:L2084I,ORF1a:L2084I,Mutation,2,0.004618937644341801,5.345992643914122e-07,0.0023094688221709007
MUTATION|ORF1a:L27F,ORF1a:L27F,Mutation,2,0.004618937644341801,5.345992643914122e-07,0.0023094688221709007
MUTATION|ORF1a:L3027F,ORF1a:L3027F,Mutation,6,0.013856812933025403,2.013924959931692e-06,0.011547344110854504
MUTATION|ORF1a:L3201F,ORF1a:L3201F,Mutation,4,0.009237875288683603,1.1648555400159197e-06,0.006928406466512702
MUTATION|ORF1a:L3201R,ORF1a:L3201R,Mutation,2,0.004618937644341801,5.345992643914122e-07,0.0023094688221709007
MUTATION|ORF1a:L3674-,ORF1a:L3674-,Mutation,2,0.004618937644341801,5.345992643914122e-07,0.0023094688221709007
MUTATION|ORF1a:L3829F,ORF1a:L3829F,Mutation,2,0.004618937644341801,3.8185661742243726e-07,0.0023094688221709007
MUTATION|ORF1a:M2259I,ORF1a:M2259I,Mutation,3,0.0069284064665127015,1.4319623153341399e-06,0.004618937644341801
MUTATION|ORF1a:M4375L,ORF1a:M4375L,Mutation,2,0.004618937644341801,1.3364981609785305e-06,0.0023094688221709007
MUTATION|ORF1a:N2526S,ORF1a:N2526S,Mutation,2,0.004618937644341801,3.144701555243601e-07,0.0023094688221709007
MUTATION|ORF1a:P1640L,ORF1a:P1640L,Mutation,2,0.004618937644341801,1.3364981609785305e-06,0.0023094688221709007
MUTATION|ORF1a:P2046L,ORF1a:P2046L,Mutation,4,0.009237875288683603,1.9517116001591236e-06,0.006928406466512702
MUTATION|ORF1a:P2287S,ORF1a:P2287S,Mutation,4,0.009237875288683603,1.9517116001591236e-06,0.006928406466512702
MUTATION|ORF1a:P3395H,ORF1a:P3395H,Mutation,7,0.016166281755196306,2.548524224323104e-06,0.013856812933025405
MUTATION|ORF1a:Q3332E,ORF1a:Q3332E,Mutation,2,0.004618937644341801,5.939991826571246e-07,0.0023094688221709007
MUTATION|ORF1a:Q3966R,ORF1a:Q3966R,Mutation,2,0.004618937644341801,7.637132348448745e-07,0.0023094688221709007
MUTATION|ORF1a:R1404C,ORF1a:R1404C,Mutation,2,0.004618937644341801,5.345992643914122e-07,0.0023094688221709007
MUTATION|ORF1a:R3821K,ORF1a:R3821K,Mutation,2,0.004618937644341801,3.144701555243601e-07,0.0023094688221709007
MUTATION|ORF1a:S1188L,ORF1a:S1188L,Mutation,3,0.0069284064665127015,2.851196076754198e-06,0.004618937644341801
MUTATION|ORF1a:S135R,ORF1a:S135R,Mutation,6,0.013856812933025403,2.013924959931692e-06,0.011547344110854504
MUTATION|ORF1a:S1857L,ORF1a:S1857L,Mutation,2,0.004618937644341801,2.969995913285623e-07,0.0023094688221709007
MUTATION|ORF1a:S2083-,ORF1a:S2083-,Mutation,2,0.004618937644341801,5.345992643914122e-07,0.0023094688221709007
MUTATION|ORF1a:S2947N,ORF1a:S2947N,Mutation,2,0.004618937644341801,1.0691985287828245e-06,0.0023094688221709007
MUTATION|ORF1a:S318L,ORF1a:S318L,Mutation,2,0.004618937644341801,1.0691985287828245e-06,0.0023094688221709007
MUTATION|ORF1a:S3675-,ORF1a:S3675-,Mutation,13,0.03002309468822171,6.8062255085832795e-06,0.02771362586605081
MUTATION|ORF1a:T1001I,ORF1a:T1001I,Mutation,6,0.013856812933025403,3.7231020198687634e-06,0.011547344110854504
MUTATION|ORF1a:T1395N,ORF1a:T1395N,Mutation,2,0.004618937644341801,5.345992643914122e-07,0.0023094688221709007
MUTATION|ORF1a:T1567I,ORF1a:T1567I,Mutation,2,0.004618937644341801,2.672996321957061e-06,0.0023094688221709007
MUTATION|ORF1a:T265I,ORF1a:T265I,Mutation,3,0.0069284064665127015,6.6824908048926525e-06,0.004618937644341801
MUTATION|ORF1a:T3090I,ORF1a:T3090I,Mutation,6,0.013856812933025403,2.013924959931692e-06,0.011547344110854504
MUTATION|ORF1a:T3255I,ORF1a:T3255I,Mutation,10,0.023094688221709007,4.500235824482229e-06,0.020785219399538105
MUTATION|ORF1a:T3646A,ORF1a:T3646A,Mutation,5,0.011547344110854504,4.6247079221161855e-06,0.009237875288683603
MUTATION|ORF1a:T3750I,ORF1a:T3750I,Mutation,2,0.004618937644341801,1.3364981609785305e-06,0.0023094688221709007
MUTATION|ORF1a:T4175I,ORF1a:T4175I,Mutation,3,0.0069284064665127015,6.114697468529224e-07,0.004618937644341801
MUTATION|ORF1a:T842I,ORF1a:T842I,Mutation,6,0.013856812933025403,2.013924959931692e-06,0.011547344110854504
MUTATION|ORF1a:T882I,ORF1a:T882I,Mutation,2,0.004618937644341801,7.637132348448745e-07,0.0023094688221709007
MUTATION|ORF1a:V1750A,ORF1a:V1750A,Mutation,2,0.004618937644341801,7.637132348448745e-07,0.0023094688221709007
MUTATION|ORF1a:V2930L,ORF1a:V2930L,Mutation,4,0.009237875288683603,1.9517116001591236e-06,0.006928406466512702
MUTATION|ORF1a:V3593F,ORF1a:V3593F,Mutation,2,0.004618937644341801,3.144701555243601e-07,0.0023094688221709007
MUTATION|ORF1a:V3718A,ORF1a:V3718A,Mutation,2,0.004618937644341801,1.3364981609785305e-06,0.0023094688221709007
MUTATION|ORF1b:A1432V,ORF1b:A1432V,Mutation,2,0.004618937644341801,8.90998773985687e-07,0.0023094688221709007
MUTATION|ORF1b:A1918V,ORF1b:A1918V,Mutation,4,0.009237875288683603,3.2966954637470423e-06,0.006928406466512702
MUTATION|ORF1b:A2431V,ORF1b:A2431V,Mutation,2,0.004618937644341801,1.0691985287828245e-06,0.0023094688221709007
MUTATION|ORF1b:A517V,ORF1b:A517V,Mutation,2,0.004618937644341801,1.0691985287828245e-06,0.0023094688221709007
MUTATION|ORF1b:D1746Y,ORF1b:D1746Y,Mutation,2,0.004618937644341801,6.682490804892653e-07,0.0023094688221709007
MUTATION|ORF1b:E1264D,ORF1b:E1264D,Mutation,3,0.0069284064665127015,4.454993869928435e-06,0.004618937644341801
MUTATION|ORF1b:F183V,ORF1b:F183V,Mutation,2,0.004618937644341801,8.90998773985687e-07,0.0023094688221709007
MUTATION|ORF1b:G1129C,ORF1b:G1129C,Mutation,2,0.004618937644341801,1.0691985287828245e-06,0.0023094688221709007
MUTATION|ORF1b:G662S,ORF1b:G662S,Mutation,8,0.018475750577367205,7.401654101038243e-06,0.016166281755196306
MUTATION|ORF1b:H1087Y,ORF1b:H1087Y,Mutation,2,0.004618937644341801,8.90998773985687e-07,0.0023094688221709007
MUTATION|ORF1b:I1257V,ORF1b:I1257V,Mutation,2,0.004618937644341801,1.0691985287828245e-06,0.0023094688221709007
MUTATION|ORF1b:I1566V,ORF1b:I1566V,Mutation,7,0.016166281755196306,6.332455572255419e-06,0.013856812933025405
MUTATION|ORF1b:K1383R,ORF1b:K1383R,Mutation,2,0.004618937644341801,1.781997547971374e-06,0.0023094688221709007
MUTATION|ORF1b:K2310R,ORF1b:K2310R,Mutation,2,0.004618937644341801,1.0691985287828245e-06,0.0023094688221709007
MUTATION|ORF1b:K2538R,ORF1b:K2538R,Mutation,2,0.004618937644341801,1.0691985287828245e-06,0.0023094688221709007
MUTATION|ORF1b:K2557R,ORF1b:K2557R,Mutation,2,0.004618937644341801,1.781997547971374e-06,0.0023094688221709007
MUTATION|ORF1b:K2660R,ORF1b:K2660R,Mutation,2,0.004618937644341801,1.0691985287828245e-06,0.0023094688221709007
MUTATION|ORF1b:L2213F,ORF1b:L2213F,Mutation,2,0.004618937644341801,8.90998773985687e-07,0.0023094688221709007
MUTATION|ORF1b:L2523F,ORF1b:L2523F,Mutation,2,0.004618937644341801,1.781997547971374e-06,0.0023094688221709007
MUTATION|ORF1b:M1352I,ORF1b:M1352I,Mutation,2,0.004618937644341801,1.0691985287828245e-06,0.0023094688221709007
MUTATION|ORF1b:N1780S,ORF1b:N1780S,Mutation,2,0.004618937644341801,1.781997547971374e-06,0.0023094688221709007
MUTATION|ORF1b:P1000L,ORF1b:P1000L,Mutation,5,0.011547344110854504,5.0786930117184156e-06,0.009237875288683603
MUTATION|ORF1b:P218L,ORF1b:P218L,Mutation,3,0.0069284064665127015,5.345992643914122e-06,0.004618937644341801
MUTATION|ORF1b:P314L,ORF1b:P314L,Mutation,23,0.053117782909930716,5.1862492922924014e-05,0.050808314087759814
MUTATION|ORF1b:R1315C,ORF1b:R1315C,Mutation,6,0.013856812933025403,4.550458024284044e-06,0.011547344110854504
MUTATION|ORF1b:S2312A,ORF1b:S2312A,Mutation,2,0.004618937644341801,1.0691985287828245e-06,0.0023094688221709007
MUTATION|ORF1b:S959P,ORF1b:S959P,Mutation,4,0.009237875288683603,2.3229610893198267e-06,0.006928406466512702
MUTATION|ORF1b:T2081A,ORF1b:T2081A,Mutation,2,0.004618937644341801,6.682490804892653e-07,0.0023094688221709007
MUTATION|ORF1b:T2163I,ORF1b:T2163I,Mutation,6,0.013856812933025403,4.550458024284044e-06,0.011547344110854504
MUTATION|ORF1b:V1787I,ORF1b:V1787I,Mutation,2,0.004618937644341801,7.637132348448745e-07,0.0023094688221709007
MUTATION|ORF3a:A99V,ORF3a:A99V,Mutation,2,0.004618937644341801,2.672996321957061e-06,0.0023094688221709007
MUTATION|ORF3a:P159S,ORF3a:P159S,Mutation,2,0.004618937644341801,5.345992643914122e-06,0.0023094688221709007
MUTATION|ORF3a:P240S,ORF3a:P240S,Mutation,2,0.004618937644341801,2.672996321957061e-06,0.0023094688221709007
MUTATION|ORF3a:Q57H,ORF3a:Q57H,Mutation,3,0.0069284064665127015,1.0691985287828244e-05,0.004618937644341801
MUTATION|ORF3a:S253P,ORF3a:S253P,Mutation,3,0.0069284064665127015,1.0691985287828244e-05,0.004618937644341801
MUTATION|ORF3a:S26L,ORF3a:S26L,Mutation,6,0.013856812933025403,2.672996321957061e-05,0.011547344110854504
MUTATION|ORF3a:T151I,ORF3a:T151I,Mutation,2,0.004618937644341801,2.672996321957061e-06,0.0023094688221709007
MUTATION|ORF3a:T223I,ORF3a:T223I,Mutation,6,0.013856812933025403,2.672996321957061e-05,0.011547344110854504
MUTATION|ORF3a:W45L,ORF3a:W45L,Mutation,2,0.004618937644341801,2.672996321957061e-06,0.0023094688221709007
MUTATION|ORF6:D61L,ORF6:D61L,Mutation,6,0.013856812933025403,2.672996321957061e-05,0.011547344110854504
MUTATION|ORF7a:E92K,ORF7a:E92K,Mutation,2,0.004618937644341801,2.672996321957061e-06,0.0023094688221709007
MUTATION|ORF7a:L116F,ORF7a:L116F,Mutation,2,0.004618937644341801,2.672996321957061e-06,0.0023094688221709007
MUTATION|ORF7a:Q62E,ORF7a:Q62E,Mutation,2,0.004618937644341801,5.345992643914122e-06,0.0023094688221709007
MUTATION|ORF7a:T120I,ORF7a:T120I,Mutation,4,0.009237875288683603,8.018988965871183e-06,0.006928406466512702
MUTATION|ORF7a:V82A,ORF7a:V82A,Mutation,6,0.013856812933025403,1.8710974253699425e-05,0.011547344110854504
MUTATION|ORF7b:F19L,ORF7b:F19L,Mutation,2,0.004618937644341801,5.345992643914122e-06,0.0023094688221709007
MUTATION|ORF7b:L32F,ORF7b:L32F,Mutation,2,0.004618937644341801,5.345992643914122e-06,0.0023094688221709007
MUTATION|ORF7b:T40I,ORF7b:T40I,Mutation,4,0.009237875288683603,1.6037977931742366e-05,0.006928406466512702
MUTATION|ORF8:C61F,ORF8:C61F,Mutation,2,0.004618937644341801,1.0691985287828245e-06,0.0023094688221709007
MUTATION|ORF8:D119-,ORF8:D119-,Mutation,4,0.009237875288683603,7.127990191885496e-06,0.006928406466512702
MUTATION|ORF8:E92K,ORF8:E92K,Mutation,3,0.0069284064665127015,1.0691985287828244e-05,0.004618937644341801
MUTATION|ORF8:F120-,ORF8:F120-,Mutation,4,0.009237875288683603,7.127990191885496e-06,0.006928406466512702
MUTATION|ORF8:F120L,ORF8:F120L,Mutation,2,0.004618937644341801,5.345992643914122e-06,0.0023094688221709007
MUTATION|ORF8:F41V,ORF8:F41V,Mutation,2,0.004618937644341801,1.0691985287828245e-06,0.0023094688221709007
MUTATION|ORF8:G8*,ORF8:G8*,Mutation,4,0.009237875288683603,1.2473982835799619e-05,0.006928406466512702
MUTATION|ORF8:I88-,ORF8:I88-,Mutation,2,0.004618937644341801,1.781997547971374e-06,0.0023094688221709007
MUTATION|ORF8:K68*,ORF8:K68*,Mutation,4,0.009237875288683603,3.4748952185441795e-06,0.006928406466512702
MUTATION|ORF8:L60F,ORF8:L60F,Mutation,2,0.004618937644341801,1.781997547971374e-06,0.0023094688221709007
MUTATION|ORF8:L84S,ORF8:L84S,Mutation,2,0.004618937644341801,5.345992643914122e-06,0.0023094688221709007
MUTATION|ORF8:Q27*,ORF8:Q27*,Mutation,6,0.013856812933025403,7.038890314486926e-06,0.011547344110854504
MUTATION|ORF8:R52I,ORF8:R52I,Mutation,6,0.013856812933025403,7.038890314486926e-06,0.011547344110854504
MUTATION|ORF8:S24L,ORF8:S24L,Mutation,3,0.0069284064665127015,1.0691985287828244e-05,0.004618937644341801
MUTATION|ORF8:T87-,ORF8:T87-,Mutation,2,0.004618937644341801,1.781997547971374e-06,0.0023094688221709007
MUTATION|ORF8:Y73C,ORF8:Y73C,Mutation,6,0.013856812933025403,7.038890314486926e-06,0.011547344110854504
MUTATION|ORF9b:A29-,ORF9b:A29-,Mutation,7,0.016166281755196306,7.306189946682633e-06,0.013856812933025405
MUTATION|ORF9b:E27-,ORF9b:E27-,Mutation,7,0.016166281755196306,7.306189946682633e-06,0.013856812933025405
MUTATION|ORF9b:I5T,ORF9b:I5T,Mutation,3,0.0069284064665127015,1.9601973027685118e-06,0.004618937644341801
MUTATION|ORF9b:N28-,ORF9b:N28-,Mutation,7,0.016166281755196306,7.306189946682633e-06,0.013856812933025405
MUTATION|ORF9b:N55S,ORF9b:N55S,Mutation,2,0.004618937644341801,8.90998773985687e-07,0.0023094688221709007
MUTATION|ORF9b:P10S,ORF9b:P10S,Mutation,7,0.016166281755196306,7.306189946682633e-06,0.013856812933025405
MUTATION|ORF9b:Q77E,ORF9b:Q77E,Mutation,3,0.0069284064665127015,1.0691985287828244e-05,0.004618937644341801
MUTATION|ORF9b:T60A,ORF9b:T60A,Mutation,5,0.011547344110854504,2.1383970575656488e-05,0.009237875288683603
MUTATION|S:16:MPLF,S:16:MPLF,Mutation,2,0.004618937644341801,8.90998773985687e-08,0.0023094688221709007
MUTATION|S:214:EPE,S:214:EPE,Mutation,2,0.004618937644341801,1.4448628767335466e-07,0.0023094688221709007
MUTATION|S:A222V,S:A222V,Mutation,2,0.004618937644341801,3.8185661742243726e-07,0.0023094688221709007
MUTATION|S:A264D,S:A264D,Mutation,2,0.004618937644341801,8.90998773985687e-08,0.0023094688221709007
MUTATION|S:A27S,S:A27S,Mutation,5,0.011547344110854504,5.029895517888157e-07,0.009237875288683603
MUTATION|S:A570D,S:A570D,Mutation,6,0.013856812933025403,2.575796455704077e-06,0.011547344110854504
MUTATION|S:A570V,S:A570V,Mutation,2,0.004618937644341801,8.90998773985687e-08,0.0023094688221709007
MUTATION|S:A653V,S:A653V,Mutation,2,0.004618937644341801,4.859993312649202e-07,0.0023094688221709007
MUTATION|S:A67V,S:A67V,Mutation,2,0.004618937644341801,1.4448628767335466e-07,0.0023094688221709007
MUTATION|S:D1118H,S:D1118H,Mutation,5,0.011547344110854504,2.0897971244391565e-06,0.009237875288683603
MUTATION|S:D1118Y,S:D1118Y,Mutation,2,0.004618937644341801,4.859993312649202e-07,0.0023094688221709007
MUTATION|S:D138Y,S:D138Y,Mutation,3,0.0069284064665127015,8.90998773985687e-07,0.004618937644341801
MUTATION|S:D253G,S:D253G,Mutation,2,0.004618937644341801,2.672996321957061e-06,0.0023094688221709007
MUTATION|S:D405N,S:D405N,Mutation,6,0.013856812933025403,6.366393678866687e-07,0.011547344110854504
MUTATION|S:D614G,S:D614G,Mutation,23,0.053117782909930716,1.836832288414807e-05,0.050808314087759814
MUTATION|S:D796Y,S:D796Y,Mutation,7,0.016166281755196306,7.811256555600235e-07,0.013856812933025405
MUTATION|S:D950N,S:D950N,Mutation,5,0.011547344110854504,2.2741682993158485e-06,0.009237875288683603
MUTATION|S:E154K,S:E154K,Mutation,2,0.004618937644341801,6.682490804892653e-07,0.0023094688221709007
MUTATION|S:E156-,S:E156-,Mutation,4,0.009237875288683603,1.510455064470974e-06,0.006928406466512702
MUTATION|S:E180V,S:E180V,Mutation,2,0.004618937644341801,1.2149983281623006e-07,0.0023094688221709007
MUTATION|S:E484A,S:E484A,Mutation,6,0.013856812933025403,6.920257781614548e-07,0.011547344110854504
MUTATION|S:E484D,S:E484D,Mutation,2,0.004618937644341801,4.859993312649202e-07,0.0023094688221709007
MUTATION|S:E484K,S:E484K,Mutation,4,0.009237875288683603,9.800986513842557e-07,0.006928406466512702
MUTATION|S:E484Q,S:E484Q,Mutation,2,0.004618937644341801,6.682490804892653e-07,0.0023094688221709007
MUTATION|S:E554K,S:E554K,Mutation,2,0.004618937644341801,8.90998773985687e-08,0.0023094688221709007
MUTATION|S:F157-,S:F157-,Mutation,4,0.009237875288683603,1.510455064470974e-06,0.006928406466512702
MUTATION|S:F157L,S:F157L,Mutation,2,0.004618937644341801,1.3364981609785306e-07,0.0023094688221709007
MUTATION|S:F157S,S:F157S,Mutation,2,0.004618937644341801,8.90998773985687e-08,0.0023094688221709007
MUTATION|S:F456L,S:F456L,Mutation,3,0.0069284064665127015,2.551496489140831e-07,0.004618937644341801
MUTATION|S:F486P,S:F486P,Mutation,5,0.011547344110854504,4.74639590798362e-07,0.009237875288683603
MUTATION|S:F490S,S:F490S,Mutation,4,0.009237875288683603,3.8553971339979337e-07,0.006928406466512702
MUTATION|S:G142-,S:G142-,Mutation,2,0.004618937644341801,1.4448628767335466e-07,0.0023094688221709007
MUTATION|S:G142D,S:G142D,Mutation,9,0.020785219399538105,2.450458300643246e-06,0.018475750577367205
MUTATION|S:G252V,S:G252V,Mutation,4,0.009237875288683603,3.8553971339979337e-07,0.006928406466512702
MUTATION|S:G339D,S:G339D,Mutation,3,0.0069284064665127015,3.064860647616614e-07,0.004618937644341801
MUTATION|S:G339H,S:G339H,Mutation,5,0.011547344110854504,4.74639590798362e-07,0.009237875288683603
MUTATION|S:G446S,S:G446S,Mutation,6,0.013856812933025403,6.191258784717167e-07,0.011547344110854504
MUTATION|S:G496S,S:G496S,Mutation,2,0.004618937644341801,1.4448628767335466e-07,0.0023094688221709007
MUTATION|S:H146Q,S:H146Q,Mutation,4,0.009237875288683603,3.8553971339979337e-07,0.006928406466512702
MUTATION|S:H245N,S:H245N,Mutation,2,0.004618937644341801,8.90998773985687e-08,0.0023094688221709007
MUTATION|S:H655Y,S:H655Y,Mutation,8,0.018475750577367205,1.5830245521471415e-06,0.016166281755196306
MUTATION|S:H69-,S:H69-,Mutation,9,0.020785219399538105,3.191239238198438e-06,0.018475750577367205
MUTATION|S:I332V,S:I332V,Mutation,2,0.004618937644341801,8.90998773985687e-08,0.0023094688221709007
MUTATION|S:K1191N,S:K1191N,Mutation,2,0.004618937644341801,4.859993312649202e-07,0.0023094688221709007
MUTATION|S:K356T,S:K356T,Mutation,2,0.004618937644341801,8.90998773985687e-08,0.0023094688221709007
MUTATION|S:K417N,S:K417N,Mutation,6,0.013856812933025403,6.474758394621704e-07,0.011547344110854504
MUTATION|S:K417T,S:K417T,Mutation,3,0.0069284064665127015,8.90998773985687e-07,0.004618937644341801
MUTATION|S:L18F,S:L18F,Mutation,3,0.0069284064665127015,8.90998773985687e-07,0.004618937644341801
MUTATION|S:L212I,S:L212I,Mutation,3,0.0069284064665127015,2.3358616507192334e-07,0.004618937644341801
MUTATION|S:L216F,S:L216F,Mutation,2,0.004618937644341801,8.90998773985687e-08,0.0023094688221709007
MUTATION|S:L24-,S:L24-,Mutation,5,0.011547344110854504,5.029895517888157e-07,0.009237875288683603
MUTATION|S:L368I,S:L368I,Mutation,4,0.009237875288683603,3.8553971339979337e-07,0.006928406466512702
MUTATION|S:L452Q,S:L452Q,Mutation,2,0.004618937644341801,1.6199977708830674e-07,0.0023094688221709007
MUTATION|S:L452R,S:L452R,Mutation,7,0.016166281755196306,3.076067195902967e-06,0.013856812933025405
MUTATION|S:L452W,S:L452W,Mutation,2,0.004618937644341801,8.90998773985687e-08,0.0023094688221709007
MUTATION|S:L455S,S:L455S,Mutation,2,0.004618937644341801,8.90998773985687e-08,0.0023094688221709007
MUTATION|S:L5F,S:L5F,Mutation,3,0.0069284064665127015,3.1589956532219815e-06,0.004618937644341801
MUTATION|S:L981F,S:L981F,Mutation,2,0.004618937644341801,1.4448628767335466e-07,0.0023094688221709007
MUTATION|S:N211-,S:N211-,Mutation,3,0.0069284064665127015,2.3358616507192334e-07,0.004618937644341801
MUTATION|S:N440K,S:N440K,Mutation,7,0.016166281755196306,7.811256555600235e-07,0.013856812933025405
MUTATION|S:N450D,S:N450D,Mutation,2,0.004618937644341801,8.90998773985687e-08,0.0023094688221709007
MUTATION|S:N460K,S:N460K,Mutation,5,0.011547344110854504,4.74639590798362e-07,0.009237875288683603
MUTATION|S:N481K,S:N481K,Mutation,2,0.004618937644341801,8.90998773985687e-08,0.0023094688221709007
MUTATION|S:N501Y,S:N501Y,Mutation,14,0.03233256351039261,4.247920885249788e-06,0.03002309468822171
MUTATION|S:N679K,S:N679K,Mutation,7,0.016166281755196306,7.811256555600235e-07,0.013856812933025405
MUTATION|S:N74K,S:N74K,Mutation,2,0.004618937644341801,4.859993312649202e-07,0.0023094688221709007
MUTATION|S:N764K,S:N764K,Mutation,7,0.016166281755196306,7.811256555600235e-07,0.013856812933025405
MUTATION|S:N856K,S:N856K,Mutation,2,0.004618937644341801,1.4448628767335466e-07,0.0023094688221709007
MUTATION|S:N969K,S:N969K,Mutation,7,0.016166281755196306,7.811256555600235e-07,0.013856812933025405
MUTATION|S:P1143L,S:P1143L,Mutation,2,0.004618937644341801,8.90998773985687e-08,0.0023094688221709007
MUTATION|S:P25-,S:P25-,Mutation,5,0.011547344110854504,5.029895517888157e-07,0.009237875288683603
MUTATION|S:P26-,S:P26-,Mutation,5,0.011547344110854504,5.029895517888157e-07,0.009237875288683603
MUTATION|S:P26S,S:P26S,Mutation,3,0.0069284064665127015,8.90998773985687e-07,0.004618937644341801
MUTATION|S:P621S,S:P621S,Mutation,2,0.004618937644341801,8.90998773985687e-08,0.0023094688221709007
MUTATION|S:P681H,S:P681H,Mutation,11,0.025404157043879907,3.267822233865532e-06,0.023094688221709007
MUTATION|S:P681R,S:P681R,Mutation,7,0.016166281755196306,3.0315172572036826e-06,0.013856812933025405
MUTATION|S:P812L,S:P812L,Mutation,2,0.004618937644341801,4.859993312649202e-07,0.0023094688221709007
MUTATION|S:Q1071H,S:Q1071H,Mutation,2,0.004618937644341801,6.682490804892653e-07,0.0023094688221709007
MUTATION|S:Q183E,S:Q183E,Mutation,4,0.009237875288683603,3.8553971339979337e-07,0.006928406466512702
MUTATION|S:Q493R,S:Q493R,Mutation,3,0.0069284064665127015,3.064860647616614e-07,0.004618937644341801
MUTATION|S:Q498R,S:Q498R,Mutation,7,0.016166281755196306,7.811256555600235e-07,0.013856812933025405
MUTATION|S:Q52H,S:Q52H,Mutation,2,0.004618937644341801,1.3364981609785306e-07,0.0023094688221709007
MUTATION|S:Q954H,S:Q954H,Mutation,7,0.016166281755196306,7.811256555600235e-07,0.013856812933025405
MUTATION|S:Q992H,S:Q992H,Mutation,2,0.004618937644341801,4.859993312649202e-07,0.0023094688221709007
MUTATION|S:R158G,S:R158G,Mutation,5,0.011547344110854504,1.5995549418695429e-06,0.009237875288683603
MUTATION|S:R190S,S:R190S,Mutation,3,0.0069284064665127015,8.90998773985687e-07,0.004618937644341801
MUTATION|S:R21T,S:R21T,Mutation,2,0.004618937644341801,8.90998773985687e-08,0.0023094688221709007
MUTATION|S:R346T,S:R346T,Mutation,4,0.009237875288683603,3.8553971339979337e-07,0.006928406466512702
MUTATION|S:R403K,S:R403K,Mutation,2,0.004618937644341801,8.90998773985687e-08,0.0023094688221709007
MUTATION|S:R408S,S:R408S,Mutation,6,0.013856812933025403,6.366393678866687e-07,0.011547344110854504
MUTATION|S:S371F,S:S371F,Mutation,6,0.013856812933025403,6.366393678866687e-07,0.011547344110854504
MUTATION|S:S371L,S:S371L,Mutation,2,0.004618937644341801,1.4448628767335466e-07,0.0023094688221709007
MUTATION|S:S373P,S:S373P,Mutation,7,0.016166281755196306,7.811256555600235e-07,0.013856812933025405
MUTATION|S:S375F,S:S375F,Mutation,7,0.016166281755196306,7.811256555600235e-07,0.013856812933025405
MUTATION|S:S477N,S:S477N,Mutation,7,0.016166281755196306,7.811256555600235e-07,0.013856812933025405
MUTATION|S:S50L,S:S50L,Mutation,2,0.004618937644341801,8.90998773985687e-08,0.0023094688221709007
MUTATION|S:S704L,S:S704L,Mutation,2,0.004618937644341801,1.6199977708830674e-07,0.0023094688221709007
MUTATION|S:S730F,S:S730F,Mutation,2,0.004618937644341801,4.859993312649202e-07,0.0023094688221709007
MUTATION|S:S813I,S:S813I,Mutation,2,0.004618937644341801,4.859993312649202e-07,0.0023094688221709007
MUTATION|S:S939F,S:S939F,Mutation,2,0.004618937644341801,8.90998773985687e-08,0.0023094688221709007
MUTATION|S:S982A,S:S982A,Mutation,6,0.013856812933025403,2.575796455704077e-06,0.011547344110854504
MUTATION|S:T1027I,S:T1027I,Mutation,3,0.0069284064665127015,8.90998773985687e-07,0.004618937644341801
MUTATION|S:T19I,S:T19I,Mutation,4,0.009237875288683603,3.725994873031055e-07,0.006928406466512702
MUTATION|S:T19R,S:T19R,Mutation,5,0.011547344110854504,2.2741682993158485e-06,0.009237875288683603
MUTATION|S:T208M,S:T208M,Mutation,2,0.004618937644341801,3.8185661742243726e-07,0.0023094688221709007
MUTATION|S:T20N,S:T20N,Mutation,3,0.0069284064665127015,8.90998773985687e-07,0.004618937644341801
MUTATION|S:T29I,S:T29I,Mutation,2,0.004618937644341801,4.859993312649202e-07,0.0023094688221709007
MUTATION|S:T376A,S:T376A,Mutation,6,0.013856812933025403,6.366393678866687e-07,0.011547344110854504
MUTATION|S:T478K,S:T478K,Mutation,10,0.023094688221709007,2.9337941220596424e-06,0.020785219399538105
MUTATION|S:T478R,S:T478R,Mutation,2,0.004618937644341801,1.2149983281623006e-07,0.0023094688221709007
MUTATION|S:T547K,S:T547K,Mutation,2,0.004618937644341801,1.4448628767335466e-07,0.0023094688221709007
MUTATION|S:T716I,S:T716I,Mutation,6,0.013856812933025403,2.575796455704077e-06,0.011547344110854504
MUTATION|S:T747I,S:T747I,Mutation,2,0.004618937644341801,5.345992643914122e-07,0.0023094688221709007
MUTATION|S:T76I,S:T76I,Mutation,2,0.004618937644341801,4.859993312649202e-07,0.0023094688221709007
MUTATION|S:T95I,S:T95I,Mutation,4,0.009237875288683603,1.29873469942754e-06,0.006928406466512702
MUTATION|S:V1176F,S:V1176F,Mutation,3,0.0069284064665127015,8.90998773985687e-07,0.004618937644341801
MUTATION|S:V127F,S:V127F,Mutation,2,0.004618937644341801,8.90998773985687e-08,0.0023094688221709007
MUTATION|S:V143-,S:V143-,Mutation,2,0.004618937644341801,1.4448628767335466e-07,0.0023094688221709007
MUTATION|S:V213E,S:V213E,Mutation,4,0.009237875288683603,3.8553971339979337e-07,0.006928406466512702
MUTATION|S:V213G,S:V213G,Mutation,3,0.0069284064665127015,2.510996544868754e-07,0.004618937644341801
MUTATION|S:V445H,S:V445H,Mutation,2,0.004618937644341801,8.90998773985687e-08,0.0023094688221709007
MUTATION|S:V445P,S:V445P,Mutation,4,0.009237875288683603,3.8553971339979337e-07,0.006928406466512702
MUTATION|S:V483-,S:V483-,Mutation,2,0.004618937644341801,8.90998773985687e-08,0.0023094688221709007
MUTATION|S:V70-,S:V70-,Mutation,9,0.020785219399538105,3.191239238198438e-06,0.018475750577367205
MUTATION|S:V83A,S:V83A,Mutation,4,0.009237875288683603,3.8553971339979337e-07,0.006928406466512702
MUTATION|S:Y144-,S:Y144-,Mutation,11,0.025404157043879907,3.1949223341757945e-06,0.023094688221709007
MUTATION|S:Y145D,S:Y145D,Mutation,2,0.004618937644341801,1.4448628767335466e-07,0.0023094688221709007
MUTATION|S:Y505H,S:Y505H,Mutation,7,0.016166281755196306,7.811256555600235e-07,0.013856812933025405
GENE|COX1,COX1,Gene,0,0.0,0.0,0.0
GENE|E,E,Gene,2,0.004618937644341801,0.0,0.010557571758495546
GENE|M,M,Gene,11,0.025404157043879907,0.0,0.0349059716265259
GENE|N,N,Gene,18,0.04157043879907621,0.0,0.05749780998646173
GENE|ORF10,ORF10,Gene,0,0.0,0.0,0.0
GENE|ORF1a,ORF1a,Gene,73,0.16859122401847576,0.0,0.17744753489306156
GENE|ORF1ab,ORF1ab,Gene,0,0.0,0.0,0.0
GENE|ORF1b,ORF1b,Gene,30,0.06928406466512702,0.0,0.08438923912365022
GENE|ORF3a,ORF3a,Gene,9,0.020785219399538105,0.0,0.036306998227616946
GENE|ORF6,ORF6,Gene,1,0.0023094688221709007,0.0,0.007558261599832038
GENE|ORF7a,ORF7a,Gene,5,0.011547344110854504,0.0,0.017503342652242616
GENE|ORF7b,ORF7b,Gene,3,0.0069284064665127015,0.0,0.011369692662995205
GENE|ORF8,ORF8,Gene,16,0.03695150115473441,0.0,0.05030023094688221
GENE|ORF9b,ORF9b,Gene,8,0.018475750577367205,0.0,0.02886836027713626
GENE|PB2,PB2,Gene,0,0.0,0.0,0.0
GENE|S,S,Gene,128,0.2956120092378753,0.0,0.3021107470863097
GENE|orf10,orf10,Gene,0,0.0,0.0,0.0
GENE|orf1ab,orf1ab,Gene,0,0.0,0.0,0.0
GENE|orf3a,orf3a,Gene,0,0.0,0.0,0.0
GENE|orf6,orf6,Gene,0,0.0,0.0,0.0
GENE|orf7a,orf7a,Gene,0,0.0,0.0,0.0
GENE|orf8,orf8,Gene,0,0.0,0.0,0.0
LINEAGE|19A,19A,Lineage,0,0.0,0.0,0.0
LINEAGE|19B,19B,Lineage,0,0.0,0.0,0.0
LINEAGE|20B,20B,Lineage,0,0.0,0.0,0.0
LINEAGE|20C,20C,Lineage,0,0.0,0.0,0.0
LINEAGE|20I,20I,Lineage,0,0.0,0.0,0.0
LINEAGE|20J,20J,Lineage,0,0.0,0.0,0.0
LINEAGE|21B,21B,Lineage,0,0.0,0.0,0.0
LINEAGE|21I,21I,Lineage,0,0.0,0.0,0.0
LINEAGE|21J,21J,Lineage,0,0.0,0.0,0.0
LINEAGE|21K,21K,Lineage,0,0.0,0.0,0.0
LINEAGE|22C,22C,Lineage,0,0.0,0.0,0.0
LINEAGE|23A,23A,Lineage,0,0.0,0.0,0.0
LINEAGE|23B,23B,Lineage,0,0.0,0.0,0.0
LINEAGE|23F,23F,Lineage,0,0.0,0.0,0.0
LINEAGE|24A,24A,Lineage,0,0.0,0.0,0.0
LINEAGE|A,A,Lineage,0,0.0,0.0,0.0
LINEAGE|AY.103,AY.103,Lineage,0,0.0,0.0,0.0
LINEAGE|AY.29,AY.29,Lineage,0,0.0,0.0,0.0
LINEAGE|AY.44,AY.44,Lineage,0,0.0,0.0,0.0
LINEAGE|B,B,Lineage,0,0.0,0.0,0.0
LINEAGE|B.1,B.1,Lineage,0,0.0,0.0,0.0
LINEAGE|B.1.1,B.1.1,Lineage,0,0.0,0.0,0.0
LINEAGE|B.1.1.7,B.1.1.7,Lineage,0,0.0,0.0,0.0
LINEAGE|B.1.426,B.1.426,Lineage,0,0.0,0.0,0.0
LINEAGE|B.1.617.1,B.1.617.1,Lineage,0,0.0,0.0,0.0
LINEAGE|B.1.617.2,B.1.617.2,Lineage,0,0.0,0.0,0.0
LINEAGE|BA.1.19,BA.1.19,Lineage,0,0.0,0.0,0.0
LINEAGE|BA.2.12.1,BA.2.12.1,Lineage,0,0.0,0.0,0.0
LINEAGE|HV.1,HV.1,Lineage,0,0.0,0.0,0.0
LINEAGE|JN.1,JN.1,Lineage,0,0.0,0.0,0.0
LINEAGE|P.1,P.1,Lineage,0,0.0,0.0,0.0
LINEAGE|P.1.14,P.1.14,Lineage,0,0.0,0.0,0.0
LINEAGE|Q.7,Q.7,Lineage,0,0.0,0.0,0.0
LINEAGE|XBB.1.16.6,XBB.1.16.6,Lineage,0,0.0,0.0,0.0
LINEAGE|XBB.1.5.13,XBB.1.5.13,Lineage,0,0.0,0.0,0.0
CLADE|19B,19B,Clade,1,0.0023094688221709007,0.0,0.0023094688221709007
CLADE|20B,20B,Clade,2,0.004618937644341801,0.0,0.004618937644341801
CLADE|20C,20C,Clade,2,0.004618937644341801,0.0,0.004618937644341801
CLADE|20I,20I,Clade,5,0.011547344110854504,0.0,0.011547344110854504
CLADE|20J,20J,Clade,2,0.004618937644341801,0.0,0.004618937644341801
CLADE|21B,21B,Clade,1,0.0023094688221709007,0.0,0.0023094688221709007
CLADE|19A,19A,Clade,2,0.004618937644341801,0.0,0.004618937644341801
CLADE|21J,21J,Clade,3,0.0069284064665127015,0.0,0.006928406466512702
CLADE|21K,21K,Clade,1,0.0023094688221709007,0.0,0.0023094688221709007
CLADE|22C,22C,Clade,1,0.0023094688221709007,0.0,0.0023094688221709007
CLADE|23A,23A,Clade,1,0.0023094688221709007,0.0,0.0023094688221709007
CLADE|23F,23F,Clade,1,0.0023094688221709007,0.0,0.0023094688221709007
CLADE|23B,23B,Clade,1,0.0023094688221709007,0.0,0.0023094688221709007
CLADE|24A,24A,Clade,1,0.0023094688221709007,0.0,0.0023094688221709007
CLADE|21I,21I,Clade,1,0.0023094688221709007,0.0,0.0023094688221709007
"VARIANT|MN985325.1 Severe acute respiratory syndrome coronavirus 2 isolate SARS-CoV-2/human/USA/WA-CDC-02982586-001/2020, complete genome","MN985325.1 Severe acute respiratory syndrome coronavirus 2 isolate SARS-CoV-2/human/USA/WA-CDC-02982586-001/2020, complete genome",Variant,2,0.004618937644341801,0.0,0.0
"VARIANT|MW301121.1 Severe acute respiratory syndrome coronavirus 2 isolate SARS-CoV-2/human/CHN/MY-001/2020, complete genome","MW301121.1 Severe acute respiratory syndrome coronavirus 2 isolate SARS-CoV-2/human/CHN/MY-001/2020, complete genome",Variant,5,0.011547344110854504,0.0,0.0
"VARIANT|MW420785.1 Severe acute respiratory syndrome coronavirus 2 isolate SARS-CoV-2/human/USA/UT-UPHL-2012877396/2020 ORF1ab polyprotein (ORF1ab), ORF1a polyprotein (ORF1ab), surface glycoprotein (S), ORF3a protein (ORF3a), envelope protein (E), membrane glycoprotein (M), ORF6 protein (ORF6), ORF7a protein (ORF7a), ORF7b (ORF7b), ORF8 protein (ORF8), nucleocapsid phosphoprotein (N), and ORF10 protein (ORF10) genes, complete cds","MW420785.1 Severe acute respiratory syndrome coronavirus 2 isolate SARS-CoV-2/human/USA/UT-UPHL-2012877396/2020 ORF1ab polyprotein (ORF1ab), ORF1a polyprotein (ORF1ab), surface glycoprotein (S), ORF3a protein (ORF3a), envelope protein (E), membrane glycoprotein (M), ORF6 protein (ORF6), ORF7a protein (ORF7a), ORF7b (ORF7b), ORF8 protein (ORF8), nucleocapsid phosphoprotein (N), and ORF10 protein (ORF10) genes, complete cds",Variant,10,0.023094688221709007,0.0,0.0
"VARIANT|MW633280.1 Severe acute respiratory syndrome coronavirus 2 isolate SARS-CoV-2/human/FRA/UK-4_2021/2021 ORF1ab polyprotein (ORF1ab), ORF1a polyprotein (ORF1ab), surface glycoprotein (S), ORF3a protein (ORF3a), envelope protein (E), membrane glycoprotein (M), ORF6 protein (ORF6), ORF7a protein (ORF7a), ORF7b (ORF7b), and truncated ORF8 protein (ORF8) genes, complete cds; nucleocapsid phosphoprotein (N) gene, partial cds; and ORF10 protein (ORF10) gene, complete cds","MW633280.1 Severe acute respiratory syndrome coronavirus 2 isolate SARS-CoV-2/human/FRA/UK-4_2021/2021 ORF1ab polyprotein (ORF1ab), ORF1a polyprotein (ORF1ab), surface glycoprotein (S), ORF3a protein (ORF3a), envelope protein (E), membrane glycoprotein (M), ORF6 protein (ORF6), ORF7a protein (ORF7a), ORF7b (ORF7b), and truncated ORF8 protein (ORF8) genes, complete cds; nucleocapsid phosphoprotein (N) gene, partial cds; and ORF10 protein (ORF10) gene, complete cds",Variant,26,0.06004618937644342,0.0,0.0
"VARIANT|MW729262.1 Severe acute respiratory syndrome coronavirus 2 isolate SARS-CoV-2/human/USA/OH-UHTL-180/2021, complete genome","MW729262.1 Severe acute respiratory syndrome coronavirus 2 isolate SARS-CoV-2/human/USA/OH-UHTL-180/2021, complete genome",Variant,30,0.06928406466512702,0.0,0.0
"VARIANT|MW729265.1 Severe acute respiratory syndrome coronavirus 2 isolate SARS-CoV-2/human/USA/OH-UHTL-183/2021, complete genome","MW729265.1 Severe acute respiratory syndrome coronavirus 2 isolate SARS-CoV-2/human/USA/OH-UHTL-183/2021, complete genome",Variant,29,0.06697459584295612,0.0,0.0
"VARIANT|MZ054073.1 Severe acute respiratory syndrome coronavirus 2 isolate SARS-CoV-2/human/USA/VT-CDCBI-CRSP_NFFSIWT6KEOG33OF/2021 ORF1ab polyprotein (ORF1ab), ORF1a polyprotein (ORF1ab), surface glycoprotein (S), ORF3a protein (ORF3a), envelope protein (E), membrane glycoprotein (M), ORF6 protein (ORF6), ORF7a protein (ORF7a), ORF7b (ORF7b), truncated ORF8 protein (ORF8), nucleocapsid phosphoprotein (N), and ORF10 protein (ORF10) genes, complete cds","MZ054073.1 Severe acute respiratory syndrome coronavirus 2 isolate SARS-CoV-2/human/USA/VT-CDCBI-CRSP_NFFSIWT6KEOG33OF/2021 ORF1ab polyprotein (ORF1ab), ORF1a polyprotein (ORF1ab), surface glycoprotein (S), ORF3a protein (ORF3a), envelope protein (E), membrane glycoprotein (M), ORF6 protein (ORF6), ORF7a protein (ORF7a), ORF7b (ORF7b), truncated ORF8 protein (ORF8), nucleocapsid phosphoprotein (N), and ORF10 protein (ORF10) genes, complete cds",Variant,30,0.06928406466512702,0.0,0.0
"VARIANT|MZ054074.1 Severe acute respiratory syndrome coronavirus 2 isolate SARS-CoV-2/human/USA/VT-CDCBI-CRSP_NIJIBCF3VX4DFQJY/2021 ORF1ab polyprotein (ORF1ab), ORF1a polyprotein (ORF1ab), surface glycoprotein (S), ORF3a protein (ORF3a), envelope protein (E), membrane glycoprotein (M), and ORF6 protein (ORF6) genes, complete cds; ORF7a protein (ORF7a) and ORF7b (ORF7b) genes, partial cds; and truncated ORF8 protein (ORF8), nucleocapsid phosphoprotein (N), and ORF10 protein (ORF10) genes, complete cds","MZ054074.1 Severe acute respiratory syndrome coronavirus 2 isolate SARS-CoV-2/human/USA/VT-CDCBI-CRSP_NIJIBCF3VX4DFQJY/2021 ORF1ab polyprotein (ORF1ab), ORF1a polyprotein (ORF1ab), surface glycoprotein (S), ORF3a protein (ORF3a), envelope protein (E), membrane glycoprotein (M), and ORF6 protein (ORF6) genes, complete cds; ORF7a protein (ORF7a) and ORF7b (ORF7b) genes, partial cds; and truncated ORF8 protein (ORF8), nucleocapsid phosphoprotein (N), and ORF10 protein (ORF10) genes, complete cds",Variant,30,0.06928406466512702,0.0,0.0
"VARIANT|MZ169910.1 Severe acute respiratory syndrome coronavirus 2 isolate SARS-CoV-2/human/BRA/1061/2021, complete genome","MZ169910.1 Severe acute respiratory syndrome coronavirus 2 isolate SARS-CoV-2/human/BRA/1061/2021, complete genome",Variant,24,0.05542725173210161,0.0,0.0
"VARIANT|MZ169911.1 Severe acute respiratory syndrome coronavirus 2 isolate SARS-CoV-2/human/BRA/1236/2021, complete genome","MZ169911.1 Severe acute respiratory syndrome coronavirus 2 isolate SARS-CoV-2/human/BRA/1236/2021, complete genome",Variant,28,0.06466512702078522,0.0,0.0
"VARIANT|MZ571142.1 Severe acute respiratory syndrome coronavirus 2 isolate SARS-CoV-2/human/MAR/CNRST-IND2-2021/2021, complete genome","MZ571142.1 Severe acute respiratory syndrome coronavirus 2 isolate SARS-CoV-2/human/MAR/CNRST-IND2-2021/2021, complete genome",Variant,21,0.04849884526558891,0.0,0.0
"VARIANT|OK091006.1 Severe acute respiratory syndrome coronavirus 2 isolate SARS-CoV-2/human/JPN/SARS-CoV-2, B.1.617.2 lineage, Delta variant/2021, complete genome","OK091006.1 Severe acute respiratory syndrome coronavirus 2 isolate SARS-CoV-2/human/JPN/SARS-CoV-2, B.1.617.2 lineage, Delta variant/2021, complete genome",Variant,28,0.06466512702078522,0.0,0.0
"VARIANT|OL965487.1 Severe acute respiratory syndrome coronavirus 2 isolate SARS-CoV-2/human/USA/WA-UW-21111631612/2021 ORF1ab polyprotein (ORF1ab), ORF1a polyprotein (ORF1ab), surface glycoprotein (S), ORF3a protein (ORF3a), envelope protein (E), membrane glycoprotein (M), ORF6 protein (ORF6), ORF7a protein (ORF7a), ORF7b (ORF7b), ORF8 protein (ORF8), nucleocapsid phosphoprotein (N), and ORF10 protein (ORF10) genes, complete cds","OL965487.1 Severe acute respiratory syndrome coronavirus 2 isolate SARS-CoV-2/human/USA/WA-UW-21111631612/2021 ORF1ab polyprotein (ORF1ab), ORF1a polyprotein (ORF1ab), surface glycoprotein (S), ORF3a protein (ORF3a), envelope protein (E), membrane glycoprotein (M), ORF6 protein (ORF6), ORF7a protein (ORF7a), ORF7b (ORF7b), ORF8 protein (ORF8), nucleocapsid phosphoprotein (N), and ORF10 protein (ORF10) genes, complete cds",Variant,38,0.08775981524249422,0.0,0.0
"VARIANT|OL965902.1 Severe acute respiratory syndrome coronavirus 2 isolate SARS-CoV-2/human/USA/CA-SLOPH-C0540/2021 ORF1ab polyprotein (ORF1ab), ORF1a polyprotein (ORF1ab), surface glycoprotein (S), ORF3a protein (ORF3a), envelope protein (E), membrane glycoprotein (M), ORF6 protein (ORF6), ORF7a protein (ORF7a), ORF7b (ORF7b), ORF8 protein (ORF8), nucleocapsid phosphoprotein (N), and ORF10 protein (ORF10) genes, complete cds","OL965902.1 Severe acute respiratory syndrome coronavirus 2 isolate SARS-CoV-2/human/USA/CA-SLOPH-C0540/2021 ORF1ab polyprotein (ORF1ab), ORF1a polyprotein (ORF1ab), surface glycoprotein (S), ORF3a protein (ORF3a), envelope protein (E), membrane glycoprotein (M), ORF6 protein (ORF6), ORF7a protein (ORF7a), ORF7b (ORF7b), ORF8 protein (ORF8), nucleocapsid phosphoprotein (N), and ORF10 protein (ORF10) genes, complete cds",Variant,38,0.08775981524249422,0.0,0.0
"VARIANT|OM287553.1 Severe acute respiratory syndrome coronavirus 2 isolate SARS-CoV-2/human/NLD/EMC-Omicron-1/2021, complete genome","OM287553.1 Severe acute respiratory syndrome coronavirus 2 isolate SARS-CoV-2/human/NLD/EMC-Omicron-1/2021, complete genome",Variant,65,0.15011547344110854,0.0,0.0
"VARIANT|ON456789.1 Severe acute respiratory syndrome coronavirus 2 isolate SARS-CoV-2/human/USA/TG310526/2020, complete genome","ON456789.1 Severe acute respiratory syndrome coronavirus 2 isolate SARS-CoV-2/human/USA/TG310526/2020, complete genome",Variant,7,0.016166281755196306,0.0,0.0
"VARIANT|OP293520.1 Severe acute respiratory syndrome coronavirus 2 isolate SARS-CoV-2/human/USA/CA-LACPHL-AF13418/2022 ORF1ab polyprotein (ORF1ab), ORF1a polyprotein (ORF1ab), surface glycoprotein (S), ORF3a protein (ORF3a), envelope protein (E), membrane glycoprotein (M), ORF6 protein (ORF6), ORF7a protein (ORF7a), ORF7b (ORF7b), ORF8 protein (ORF8), nucleocapsid phosphoprotein (N), and ORF10 protein (ORF10) genes, complete cds","OP293520.1 Severe acute respiratory syndrome coronavirus 2 isolate SARS-CoV-2/human/USA/CA-LACPHL-AF13418/2022 ORF1ab polyprotein (ORF1ab), ORF1a polyprotein (ORF1ab), surface glycoprotein (S), ORF3a protein (ORF3a), envelope protein (E), membrane glycoprotein (M), ORF6 protein (ORF6), ORF7a protein (ORF7a), ORF7b (ORF7b), ORF8 protein (ORF8), nucleocapsid phosphoprotein (N), and ORF10 protein (ORF10) genes, complete cds",Variant,67,0.15473441108545036,0.0,0.0
"VARIANT|OP684305.1 Severe acute respiratory syndrome coronavirus 2 isolate SARS-CoV-2/human/KAZ/B1.1/2021, complete genome","OP684305.1 Severe acute respiratory syndrome coronavirus 2 isolate SARS-CoV-2/human/KAZ/B1.1/2021, complete genome",Variant,36,0.08314087759815242,0.0,0.0
"VARIANT|OR782922.1 Severe acute respiratory syndrome coronavirus 2 isolate SARS-CoV-2/human/ZAF/XBB.1.5/2022 ORF1ab polyprotein (ORF1ab), ORF1a polyprotein (ORF1ab), surface glycoprotein (S), ORF3a protein (ORF3a), envelope protein (E), membrane glycoprotein (M), ORF6 protein (ORF6), ORF7a protein (ORF7a), and ORF7b (ORF7b) genes, complete cds; ORF8 gene, complete sequence; and nucleocapsid phosphoprotein (N) and ORF10 protein (ORF10) genes, complete cds","OR782922.1 Severe acute respiratory syndrome coronavirus 2 isolate SARS-CoV-2/human/ZAF/XBB.1.5/2022 ORF1ab polyprotein (ORF1ab), ORF1a polyprotein (ORF1ab), surface glycoprotein (S), ORF3a protein (ORF3a), envelope protein (E), membrane glycoprotein (M), ORF6 protein (ORF6), ORF7a protein (ORF7a), and ORF7b (ORF7b) genes, complete cds; ORF8 gene, complete sequence; and nucleocapsid phosphoprotein (N) and ORF10 protein (ORF10) genes, complete cds",Variant,76,0.17551963048498845,0.0,0.0
"VARIANT|OR958377.1 Severe acute respiratory syndrome coronavirus 2 isolate SARS-CoV-2/human/USA/CA-CDPH-500128835/2023 ORF1ab polyprotein (ORF1ab) gene, partial cds; ORF1a polyprotein (ORF1ab) gene, complete cds; surface glycoprotein (S) gene, partial cds; ORF3a protein (ORF3a), envelope protein (E), membrane glycoprotein (M), ORF6 protein (ORF6), ORF7a protein (ORF7a), and ORF7b (ORF7b) genes, complete cds; ORF8 gene, complete sequence; and nucleocapsid phosphoprotein (N) and ORF10 protein (ORF10) genes, complete cds","OR958377.1 Severe acute respiratory syndrome coronavirus 2 isolate SARS-CoV-2/human/USA/CA-CDPH-500128835/2023 ORF1ab polyprotein (ORF1ab) gene, partial cds; ORF1a polyprotein (ORF1ab) gene, complete cds; surface glycoprotein (S) gene, partial cds; ORF3a protein (ORF3a), envelope protein (E), membrane glycoprotein (M), ORF6 protein (ORF6), ORF7a protein (ORF7a), and ORF7b (ORF7b) genes, complete cds; ORF8 gene, complete sequence; and nucleocapsid phosphoprotein (N) and ORF10 protein (ORF10) genes, complete cds",Variant,86,0.19861431870669746,0.0,0.0
"VARIANT|OR998518.1 Severe acute respiratory syndrome coronavirus 2 isolate SARS-CoV-2/human/USA/WV138205/2023 ORF1ab polyprotein (ORF1ab), ORF1a polyprotein (ORF1ab), surface glycoprotein (S), ORF3a protein (ORF3a), envelope protein (E), membrane glycoprotein (M), ORF6 protein (ORF6), ORF7a protein (ORF7a), and ORF7b (ORF7b) genes, complete cds; ORF8 gene, complete sequence; and nucleocapsid phosphoprotein (N) and ORF10 protein (ORF10) genes, complete cds","OR998518.1 Severe acute respiratory syndrome coronavirus 2 isolate SARS-CoV-2/human/USA/WV138205/2023 ORF1ab polyprotein (ORF1ab), ORF1a polyprotein (ORF1ab), surface glycoprotein (S), ORF3a protein (ORF3a), envelope protein (E), membrane glycoprotein (M), ORF6 protein (ORF6), ORF7a protein (ORF7a), and ORF7b (ORF7b) genes, complete cds; ORF8 gene, complete sequence; and nucleocapsid phosphoprotein (N) and ORF10 protein (ORF10) genes, complete cds",Variant,89,0.20554272517321015,0.0,0.0
"VARIANT|PP485688.1 Severe acute respiratory syndrome coronavirus 2 isolate SARS-CoV-2/human/USA/CO-CDPHE-41709094/2024 ORF1ab polyprotein (ORF1ab) and ORF1a polyprotein (ORF1ab) genes, complete cds; surface glycoprotein (S) and ORF3a protein (ORF3a) genes, partial cds; and envelope protein (E), membrane glycoprotein (M), ORF6 protein (ORF6), ORF7a protein (ORF7a), ORF7b (ORF7b), ORF8 protein (ORF8), nucleocapsid phosphoprotein (N), and ORF10 protein (ORF10) genes, complete cds","PP485688.1 Severe acute respiratory syndrome coronavirus 2 isolate SARS-CoV-2/human/USA/CO-CDPHE-41709094/2024 ORF1ab polyprotein (ORF1ab) and ORF1a polyprotein (ORF1ab) genes, complete cds; surface glycoprotein (S) and ORF3a protein (ORF3a) genes, partial cds; and envelope protein (E), membrane glycoprotein (M), ORF6 protein (ORF6), ORF7a protein (ORF7a), ORF7b (ORF7b), ORF8 protein (ORF8), nucleocapsid phosphoprotein (N), and ORF10 protein (ORF10) genes, complete cds",Variant,103,0.23787528868360278,0.0,0.0
"VARIANT|PV361325.1 Severe acute respiratory syndrome coronavirus 2 isolate SARS-CoV-2/human/IND/hCoV-19_India_MP-AIIMSB_WGS2596_SW_21/2021, complete genome","PV361325.1 Severe acute respiratory syndrome coronavirus 2 isolate SARS-CoV-2/human/IND/hCoV-19_India_MP-AIIMSB_WGS2596_SW_21/2021, complete genome",Variant,32,0.07390300230946882,0.0,0.0
"VARIANT|NC_045512.2 Severe acute respiratory syndrome coronavirus 2 isolate Wuhan-Hu-1, complete genome","NC_045512.2 Severe acute respiratory syndrome coronavirus 2 isolate Wuhan-Hu-1, complete genome",Variant,1,0.0023094688221709007,0.0,0.0
"VARIANT|MN908947.3 Severe acute respiratory syndrome coronavirus 2 isolate Wuhan-Hu-1, complete genome","MN908947.3 Severe acute respiratory syndrome coronavirus 2 isolate Wuhan-Hu-1, complete genome",Variant,1,0.0023094688221709007,0.0,0.0
